,Products,"Avg. Portio n Weigh
t","No of
servi ngs",Total Energy,Carbo hydra te,Protei n,Tot al Fat,"%
of RD A",Tra ns Fat,"%
of RD A.1",MU FA,PU FA,Satur ated fat,"%
of RD A.2",Sodi um,Sodi um.1,% of RDA,Su gar,% of RDA.1,Allergens,MSG Info,Unnamed: 21,"Caffeine and Artificial Sweetene
r Info",Unnamed: 23,Description,price
0,,g,,Per Serve,Per serve,per serve,"Per Ser
ve","67
g tot al
fat","Per Ser
ve","2 g tra ns
fat","Per Ser
ve","Per Ser
ve",Per Serve,"22
g sat
fat","Per Serv
e","Per 100
g","2 g sodi
um","Per Ser
ve","50 g adde d suga
r",,,,,,"Savor our freshly baked nan—pillowy, lightly buttered Indian flatbread with a delicate char for a rustic flavor. Perfectly soft inside with a tantalizingly crisp exterior, it's designed to complement your favorite curry or stew with an irresistible blend of tradition and taste.",410
1,Snacks non Veg,g,no,Kcal,g,g,g,%,g,%,g,g,g,%,g,g,%,g,%,Statemen t,Statement,,Statemen t,,"Indulge in our savory non-veg snacks featuring crispy chicken bites, spiced lamb skewers, and succulent seafood options. Each flavorful creation is perfectly seasoned and fried to golden perfection for an irresistible crunch. Ideal for sharing or enjoying solo, these bold bites promise a delightful and satisfying taste experience.",256
2,"Hot
Wings 2 pc",75,1,267.1,17.1,12.1,"16.
7","24.
9","0.0
4","1.8
8",7.7,2.4,6.6,"30.
2",0.3,0.5,17.5,"0.0
0",0,"Contains Gluten. May Contain traces of Nuts, Sesame, soy, Mustard, celery, Milk
Products, and egg.","This package of chicken Contains MSG. Not
suitable for infants below 12 months and Pregnant Women.",,,,"Savor the heat with our 2-piece Hot Wings! Crispy on the outside and juicy inside, each wing is tossed in a bold, fiery sauce that awakens your taste buds. Perfect for starters or sharing, these wings deliver a thrilling burst of spice in every bite.",120
3,Hot Wings 4 Pc,155,1,534.3,34.2,24.2,"33.
4","49.
8","0.0
8","3.7
5","15.
3",4.8,13.3,"60.
4",0.7,0.5,34.9,"0.0
0",0,"Contains Gluten. May Contain
traces of","This package of chicken Contains MSG. Not
suitable for",,,,"Savor our four-piece hot wings—crispy on the outside and juicy on the inside. Each wing is tossed in a bold, fiery sauce that delivers a perfect kick with every bite. Ideal as an appetizer or snack, these wings pack a punch of flavor sure to satisfy your heat cravings.",452
4,,,,,,,,,,,,,,,,,,,,"Nuts, Sesame, soy, Mustard, celery, Milk Products
and egg.",infants below 12 months and Pregnant Women.,,,,"Enjoy our freshly baked nan—a soft, pillowy Indian flatbread expertly tandoor-cooked to achieve a delicate, smoky char. Perfect for mopping up savory curries or dipping in vibrant sauces, each piece is a warm, comforting embrace of traditional flavor and timeless appeal.",123
5,Popcorn Reg,80,1,272,18,15,"15.
6","23.
2","0.0
2","1.2
0",6.8,1.9,6.8,"31.
1",0.6,0.7,28,"0.0
0",0,"Contains Gluten. May Contain traces of Nuts, Sesame, soy, Mustard, celery, Milk Products
and egg.","This package of chicken Contains MSG. Not
suitable for infants below 12 months and Pregnant Women.",,,,"Savor our classic Popcorn Reg—perfectly popped and lightly seasoned with butter and a pinch of salt. Enjoy the timeless, crunchy bite that’s ideal for movie nights, a quick treat, or a nostalgic snack anytime.",269
6,Popcorn Med,110,1,374,24.7,20.6,"21.
4","32.
0","0.0
3","1.6
5",9.4,2.6,9.4,"42.
7",0.8,0.7,38.5,"0.0
0",0,"Contains Gluten. May Contain traces of Nuts, Sesame, soy, Mustard, celery, Milk Products
and egg.","This package of chicken Contains MSG. Not
suitable for infants below 12 months and Pregnant Women.",,,,Experience the perfect balance of crunch and buttery goodness with our Popcorn Med. This medium serving of freshly popped kernels is lightly salted for an irresistible snack that’s ideal for movie nights or a midday treat. Enjoy every bite of this classic favorite!,452
7,Popcorn Lrg,170,1,578,38.2,31.8,"33.
1","49.
4","0.0
5","2.5
5","14.
5",4.1,14.5,"66.
0",1.2,0.7,59.5,"0.0
0",0,"Contains Gluten. May
Contain","This package of chicken Contains
MSG. Not",,,,"Indulge in our Popcorn Lrg—a generous serving of freshly popped corn, lightly seasoned for that perfect balance of savory and crunch. Ideal for sharing during movie nights or enjoying solo, it's a timeless treat that delights every palate.",741
8,,,,,,,,,,,,,,,,,,,,"traces of Nuts, Sesame, soy, Mustard, celery, Milk Products
and egg.",suitable for infants below 12 months and Pregnant Women.,,,,"Experience our freshly baked nan—soft, pillowy flatbread with a lightly charred finish from the tandoor. Brushed with a hint of garlic butter, it's the perfect companion to any curry or soup, inviting you to savor authentic, comforting flavors in every bite.",362
9,"Boneless Strips
3pc",138,1,358.6,20.7,27,"18.
6","27.
8","0.0
3","1.3
8",8.1,2.3,8.2,"37.
1",0.5,0.3,23,"0.0
0",0,"Contains Gluten. May Contain traces of Nuts, Sesame, soy, Mustard, celery, Milk Products
and egg.","This package of chicken Contains MSG. Not
suitable for infants below 12 months and Pregnant Women.",,,,"Savor our crispy-crusted, hand-breaded tender chicken boneless strips. Each piece is perfectly fried to a golden finish, offering a burst of flavor in every bite. Enjoy three delectable strips paired with your favorite dipping sauce.",125
10,Boneless Strips 6pc,276,1,717.2,41.3,54.1,"37.
3","55.
7","0.0
6","2.7
6","16.
3",4.7,16.3,"74.
1",0.9,0.3,46,"0.0
0",0,"Contains Gluten. May Contain traces of Nuts, Sesame, soy, Mustard, celery, Milk Products
and egg.","This package of chicken Contains MSG. Not
suitable for infants below 12 months and Pregnant Women.",,,,"Enjoy our 6-piece boneless strips—crispy golden-fried chicken tender bites lightly seasoned for a burst of flavor. Perfect for dipping in your favorite sauce, these hand-breaded strips deliver a satisfying crunch in every bite.",453
11,"Single Chicken
Roll",138,1,424.4,52.5,12.3,"18.
4","27.
4",0,0,6.5,5,6.9,"31.
4",0.9,0.7,45.7,"9.0
5",18.1,"Contains Gluten. May Contain traces of Nuts, Sesame, soy, Mustard, celery, Milk Products
and egg.","This package of chicken Contains MSG. Not
suitable for infants below 12 months and Pregnant Women.",,,,"Experience the perfect bite with our Single Chicken Roll. Tender, grilled chicken is layered with crisp greens and a hint of herbs, all wrapped in a soft, freshly baked roll. Each bite delivers a flavorful mix of simplicity and zest—ideal for a light meal or a quick snack.",326
12,"Double Chicken
Roll",170,1,470.3,42.7,20.2,20,"29.
8",0,0,8.2,5.3,9.9,"44.
8",1.1,0.7,54.6,"9.1
8",18.4,"Contains Gluten. May Contain traces of Nuts, Sesame, soy, Mustard, celery, Milk Products
and egg.","This package of chicken Contains MSG. Not
suitable for infants below 12 months and Pregnant Women.",,,,"Double Chicken Roll: Enjoy two generous layers of tender, marinated chicken nestled between a toasted, flaky roll. Enhanced with crisp greens and a hint of spice, this roll offers a satisfying crunch and a burst of savory flavor in every bite.",152
13,Snacks Veg,,,,,,,,,,,,,,,,,,,,,,,,"Introducing our Veg Snacks collection—a vibrant assortment of crispy, savory treats perfect for any snack craving. Enjoy spiced pakoras, vegetable samosas, and more, each crafted with fresh, quality ingredients and accompanied by zesty dips. Experience a delightful burst of flavor and texture in every bite.",452
14,"Veg Strips
4pc",105,1,280.5,32.4,7,"13.
6","20.
3","0.0
2","1.0
0",5.7,1.6,6.3,"28.
6",0.6,0.6,30,"1.9
8",4,Contains Gluten.,"This package of Veg Product Contains MSG. Not
suitable for infants below 12 months and Pregnant
Women.",,,,"Enjoy our Veg Strips – four crispy, golden bites of lightly battered fresh vegetables. Each strip offers a satisfying crunch and a burst of natural flavor, perfectly paired with your favorite dipping sauce. An irresistible vegetarian delight that's both playful and delicious!",365
15,"Cheese Chilli Burst  (4
Pieces)",86.7,1,173.3,13.7,6,"10.
0","14.
9",0.1,"5.0
0",,,6,"27.
3",0.4,0.4,18.3,0,0,Contains Wheat and Milk,,,,,"Indulge in our Cheese Chilli Burst—a fiery fusion of melted cheese and zesty chilli flavors wrapped in four crunchy, golden pieces. Each bite delivers a satisfying crunch and a burst of spice, perfect for those who crave a little heat in every nibble.",123
16,"Cheese Corn Pops (5
Pieces)",84.4,1,150,21.3,4.1,5.3,7.9,0.1,"5.0
0",,,2.8,"12.
8",0.3,0.4,15.6,0,0,Contains Wheat and Milk,,,,,"Delight in these crispy, golden cheese corn pops—each bite a perfect blend of melted cheese and sweet corn. Expertly fried and lightly seasoned, these five artisanal morsels offer a delectable crunch that's ideal for sharing or savoring solo.",365
17,"Seasone d Mozzeral la Sticks (3
Pieces)",80,1,140,12.3,1,7.5,"11.
2",0.1,"5.0
0",,,4.5,"20.
5",0.3,0.4,15,,0,Contains Wheat and Milk,,,,,"Introducing our Seasone d Mozzeral la Sticks – a trio of crispy, golden bites bursting with zesty Mediterranean herbs. Handcrafted and lightly fried to perfection, they're paired with a tangy marinara dip for an unforgettable flavor journey. Enjoy this savory starter that's great for sharing or indulging solo!",452
18,Biryani,,,,,,,,,,,,,,,,,,,,,,,,"Savor our aromatic Biryani – tender marinated meat (or vegetables) layered with basmati rice, saffron, and a unique blend of spices. Slow-cooked to perfection, each bite delivers a symphony of rich flavors and fragrant herbs, capturing the true essence of tradition in every spoonful.",456
19,Veg Biryani,305,1,512.4,74.5,9.7,"19.
3","28.
9","0.0
0","0.0
0",9.9,4.3,7.7,"35.
2",1.2,0.4,61,"0.0
0",0,Contains Gluten and soy.,"This package of Veg Product Contains MSG. Not
suitable for infants below 12 months and Pregnant
Women.",,,,"Savor our Veg Biryani—a fragrant blend of long-grain basmati rice, garden-fresh vegetables, and authentic spices. Slow-cooked to perfection, each serving promises layers of aromatic indulgence that capture the essence of traditional Indian flavors.",552
20,"Classic chicken
biryani",341,1,586.5,56.4,28.4,"27.
4","40.
9","0.0
0","0.0
0","11.
3",6.1,10.3,"47.
0",1,0.3,51.2,"0.0
0",0,"Contains Gluten. May Contain traces of Nuts, Sesame, soy, Mustard, celery,
Milk","This package of chicken Contains MSG. Not
suitable for infants below 12 months and Pregnant Women.",,,,"Experience the aroma of long-grain basmati rice layered with succulent chicken, marinated in traditional spices. Slow-cooked with flavorful saffron, mint, and caramelized onions, our Classic Chicken Biryani is a timeless masterpiece offering a satisfying burst of regional authenticity in every delectable bite.",332
21,,,,,,,,,,,,,,,,,,,,Products and egg.,,,,,"Enjoy the soft, pillowy warmth of our fresh nan—an authentic Indian flatbread baked to perfection. Its lightly charred edges and tender center make it the ideal accompaniment for curries and dips, adding a traditional taste of India to every meal.",126
22,Popcorn Chicken Biryani,330,1,587.4,69.7,23.4,"24.
4","36.
4","0.0
0","0.0
0",9.5,5.3,10,"45.
5",1.3,0.4,66,"0.0
0",0,"Contains Gluten. May Contain traces of Nuts, Sesame, soy, Mustard, celery, Milk Products
and egg.","This package of chicken Contains MSG. Not
suitable for infants below 12 months and Pregnant Women.",,,,"Savor our Popcorn Chicken Biryani—a vibrant fusion of spiced, aromatic rice and crispy, bite-sized popcorn chicken. Each mouthful bursts with flavor, enhanced by herbs and a hint of tang, creating a delightful twist on a classic favorite. Experience the crunchy texture paired with the comforting warmth of traditional biryani in this irresistible dish.",453
23,"Smoky Chicken
Biryani",341,1,509.5,64,22.4,"18.
4","27.
5","0.0
0","0.0
0",6.8,5.1,6.5,"29.
5",1.4,0.4,68.2,"0.0
0",0,"Contains Gluten. May Contain traces of Nuts, Sesame, soy, Mustard, celery, Milk Products
and egg.","This package of chicken Contains MSG. Not
suitable for infants below 12 months and Pregnant Women.",,,,"Indulge in our Smoky Chicken Biryani—a harmonious blend of tender chicken, subtly smoked and marinated to perfection, intertwined with fragrant basmati rice. Infused with saffron, caramelized onions, and a medley of spices, every bite unveils layers of rich, memorable flavor.",410
24,Lunch Specials,,,,,,,,,,,,,,,,,,,,,,,,"Savor our Lunch Specials—a delightful selection of chef-curated dishes made to satisfy your midday cravings. Fresh, seasonal ingredients blend with vibrant flavors to create hearty meals perfect for a quick bite or leisurely break. Enjoy quality and taste in every mouthwatering bite.",256
25,"Chicken Longer+
1",164,1,469.8,43.5,20.9,"23.
6","35.
2",0,"0.
5",8.3,7.4,7.9,"36.
1",1,0.9,"51.
6",7.7,15.5,Contains Gluten. May Contain,This package of chicken Contains MSG. Not,,,,"Introducing Chicken Longer+: tender, marinated chicken grilled for a smoky finish and topped with zesty peppers and a drizzle of herb-infused sauce. This dish delivers a vibrant mix of flavors with every satisfying bite.",120
26,Chicken Strip,,,,,,,,,,,,,,,,,,,"traces of Nuts, Sesame, soy, Mustard, celery, Milk Products
and egg.",suitable for infants below 12 months and Pregnant Women.,,,,"Crispy on the outside and tender on the inside, our Chicken Strips are lightly breaded and fried to perfection. Served with your choice of tangy dipping sauce and a side of crispy fries, these savory strips offer a satisfying crunch in every bite. Enjoy a classic favorite with a gourmet twist!",452
27,"Single Chicken Roll + 1 chicken
Strip",184,1,543.9,59.4,21.3,"24.
6","36.
7",0,"0.
5",9.2,5.7,9.6,"43.
7",1.1,0.8,"53.
4",9.1,18.1,"Contains Gluten. May Contain traces of Nuts, Sesame, soy, Mustard, celery, Milk Products
and egg","This package of chicken Contains MSG. Not
suitable for infants below 12 months and Pregnant Women.",,,,"Delight in our Single Chicken Roll + Chicken Strip combo. Enjoy tender, marinated chicken wrapped in a freshly baked roll alongside a crispy, golden chicken strip. Perfect for a satisfying meal on the go, this duo offers a harmonious blend of juicy flavor and crunch in every bite.",123
28,"Biryani Rice + 2
Wings",335,1,703.2,80.5,20.4,"33.
2","49.
5",0,"1.
9","13.
8",6.1,13.2,"60.
2",1.2,0.8,"61.
6",0,0,"Contains Gluten. May Contain traces of Nuts, Sesame, soy, Mustard,
celery, Milk","This package of chicken Contains MSG. Not
suitable for infants below 12 months and Pregnant Women.",,,,"Savor our aromatic Biryani Rice, infused with a blend of exotic spices and tender, slow-cooked basmati, perfectly paired with two crispy, savory wings. A delightful fusion of flavors that brings both comfort and a hint of indulgence to every bite.",269
29,,,,,,,,,,,,,,,,,,,,Products and egg,,,,,"Experience the warmth of tradition with our authentic Nan—a soft, pillowy flatbread baked to perfection in a clay oven. Its slightly charred edges and delicate smokiness create the ideal companion to hearty curries and savory dips. Enjoy a taste of genuine comfort in every bite.",452
30,Burgers Non Veg,,,,,,,,,,,,,,,,,,,,,,,,"Sink your teeth into our Non-Veg Burgers, featuring a juicy, perfectly grilled patty crowned with crisp lettuce, ripe tomatoes, and tangy pickles. Finished with a drizzle of our signature sauce and served on a toasted bun, every bite bursts with irresistible flavor.",741
31,"Chicken Zinger
Burger",225,1,563.1,57.1,26.6,"26.
6","39.
7","0.0
4","2.0
0",9.4,9,8.2,"37.
3",0.3,0.1,16.5,"11.
51",23,"Contains Gluten. May Contain traces of Nuts, Sesame, soy, Mustard, celery, Milk Products
and egg.","This package of chicken Contains MSG. Not
suitable for infants below 12 months and Pregnant Women.",,,,"Dive into the fiery flavor of our Chicken Zinger Burger—a crispy, spice-marinated chicken fillet topped with fresh lettuce and our signature zesty sauce, all nestled in a soft, toasted bun. Every bite delivers a satisfying crunch and a perfect balance of heat and taste. Enjoy the ultimate kick in every mouthful!",362
32,Spicy Zinger,212,1,433.2,46.2,26.6,"15.
6","23.
3","0.0
4","2.0
0",9.4,9,8.2,"37.
3",1.1,0.5,54.2,"7.2
1",14.4,"Contains Gluten. May Contain traces of Nuts, Sesame, soy, Mustard, celery, Milk Products
and egg.","This package of chicken Contains MSG. Not
suitable for infants below 12 months and Pregnant Women.",,,,"Meet our Spicy Zinger—a crispy, tender chicken delight bursting with fiery spices. Each bite delivers a bold kick of heat perfectly balanced with savory flavor, ensuring an irresistible crunch that keeps you coming back for more. Taste the thrill in every mouthwatering morsel!",125
33,"Classic Non Veg
Crisper",167,1,450.6,52.2,18.7,"18.
6","27.
7","0.0
2","1.0
0",6.2,6.8,5.5,"25.
2",0.5,0.3,25,"0.0
0",0,"Contains Gluten. May Contain traces of
Nuts,","This package of chicken Contains MSG. Not
suitable for
infants below",,,,"Dive into our Classic Non-Veg Crisper—a delicious medley of tender, juicy meat, hand-battered and fried to a golden crunch. Seasoned to perfection with a hint of herbs, every bite delivers irresistible flavor and a satisfying crisp. Enjoy this timeless favorite, paired with zesty dips for an extra burst of taste!",453
34,,,,,,,,,,,,,,,,,,,,"Sesame, soy, Mustard, celery, Milk Products
and egg.",12 months and Pregnant Women.,,,,"Experience our freshly baked nan—a light, fluffy flatbread with a perfect golden crust. Baked in a tandoor, it boasts an airy texture and subtle smoky notes, elevating every bite alongside your favorite curries and dips. Enjoy this classic, handcrafted delight!",326
35,Spicy Non Veg Crisper,167,1,393.7,56.8,20.7,9.3,"13.
9","0.0
2","1.0
0",4,1.4,4,"18.
1",0.5,0.3,25,"3.7
2",7.4,"Contains Gluten. May Contain traces of Nuts, Sesame, soy, Mustard, celery, Milk Products
and egg.","This package of chicken Contains MSG. Not
suitable for infants below 12 months and Pregnant Women.",,,,"Savor our Spicy Non-Veg Crisper—a zesty medley of tender, marinated chicken or beef, delicately battered and fried to a satisfying crunch. Each bite bursts with a bold, fiery spice blend and a tangy finish. Perfect as a vibrant starter or dynamic snack, this dish turns up the heat and flavor!",152
36,"Tandoori Zinger
Burger",230,1,999.9,68.5,27.4,"32.
3","48.
3","0.0
2","1.0
0","11.
0","12.
1",9.2,"42.
0",0.4,0.2,20,"0.0
0",0,"Contains Gluten. May Contain traces of Nuts, Sesame, soy, Mustard, celery, Milk Products
and egg.","This package of chicken Contains MSG. Not
suitable for infants below 12 months and Pregnant Women.",,,,"Savor the bold taste of our Tandoori Zinger Burger! Enjoy a crispy, tandoori-marinated chicken fillet layered with crunchy lettuce, tangy onions, and a cool mint mayo, all nestled in a soft, buttery bun. A fiery twist on a classic favorite!",452
37,"Mixed Zinger Doubles ( 1 ch
Zinger+1",462,2,781.5,62.8,27,"29.
5","44.
0","0.0
3","1.5
0","10.
2","10.
6",8.7,"39.
6",0.4,0.2,18.3,"5.7
5",11.5,"Contains Gluten. May Contain
traces of","This package of chicken Contains MSG. Not
suitable for",,,,"Introducing our Mixed Zinger Doubles—a dynamic duo featuring one signature, crispy chicken zinger paired with a complementary flavor twist. Crisply fried to perfection and bursting with bold spices, this irresistible combo delivers an exciting crunch and a double dose of zest in every bite. Perfect for adventurous palates looking for a delicious twist on a classic favorite!",365
38,Tandoori Zinger),,,,,,,,,,,,,,,,,,,"Nuts, Sesame, soy, Mustard, celery, Milk Products
and egg.",infants below 12 months and Pregnant Women.,,,,"Introducing our Tandoori Zinger – a fiery chicken fillet marinated in aromatic tandoori spices, flame-grilled for irresistible flavor, and nestled between soft buns. Topped with crisp lettuce and a tangy sauce, it's a spicy, juicy delight that promises a bold burst of taste in every bite.",123
39,"2 Classic Chicken
Crisper",334,2,393.7,56.8,20.7,9.3,"13.
9","0.0
2","1.0
0",4,1.4,4,"18.
1",0.5,0.3,25,"3.7
2",7.4,"Contains Gluten. May Contain traces of Nuts, Sesame, soy, Mustard, celery, Milk Products
and egg.","This package of chicken Contains MSG. Not
suitable for infants below 12 months and Pregnant Women.",,,,"Experience double the crunch with our 2 Classic Chicken Crispers. Each hand-breaded, golden-fried piece boasts a satisfyingly crispy exterior and a juicy, tender interior. Perfectly seasoned and ideal for sharing or savoring solo, these timeless treats partner wonderfully with your favorite dipping sauce. Enjoy the perfect blend of texture and flavor in every bite!",365
40,"Chicken Longer
Burger",118,1,350.2,36.7,11.8,"17.
4","25.
9",0,0,5.5,6.6,5.2,"23.
7",0.9,0.7,44,7.7,15.5,"Contains Gluten. May Contain traces of Nuts, Sesame, soy, Mustard, celery, Milk Products
and egg.","This package of chicken Contains MSG. Not
suitable for infants below 12 months and Pregnant Women.",,,,"Savor our Chicken Longer Burger featuring tender, grilled chicken layered with crisp lettuce, ripe tomato, and a tangy sauce. Encased in a freshly baked bun, every bite delivers a satisfying blend of savory and zesty flavors. A delightful twist on a classic favorite!",452
41,Burgers Veg,,,,,,,,,,,,,,,,,,,,,,,,"Savor our Veggie Burger—a mouthwatering blend of grilled garden vegetables, hearty black beans, and aromatic herbs, topped with crisp lettuce, ripe tomato, and a drizzle of zesty sauce. Sandwiched in a perfectly toasted bun, this guilt-free delight celebrates freshness in every bite.",456
42,"Veg Zinger
Burger",232,1,623,83.4,14.5,"25.
7","38.
3","0.0
2","1.0
0",9.2,7,9.5,"43.
1",0.4,0.2,21,"14.
13",28.3,"Contains Gluten, Milk and Soy.","This package of Veg Product Contains MSG. Not
suitable for infants below 12 months and Pregnant
Women.",,,,"Experience the Veg Zinger Burger—a crispy, spiced vegetable patty layered with fresh greens, ripe tomatoes, and a tangy zesty sauce tucked in a lightly toasted bun. Every bite delivers a satisfying crunch and bold flavor, perfect for your hearty, veggie fix.",552
43,"2 Classic veg
Crispers",294,2,342.2,54.6,8.9,"27.
6","41.
2","0.0
3","1.5
0",9.9,8.3,9.5,"43.
2",0.4,0.3,20,"6.3
2",12.6,"Contains Gluten, Milk and
Soy.",,,,,"Discover our 2 Classic Veg Crispers—a delightful duo of golden, crunchy vegetables lightly battered and perfectly seasoned. Each crisp is a celebration of fresh, vibrant flavors paired with a cool, tangy dip. Enjoy the satisfying crunch and vibrant taste in every bite.",332
44,"Classic Veg
Crisper",147,1,342.2,54.6,8.9,"27.
6","41.
2","0.0
3","1.5
0",9.9,8.3,9.5,"43.
2",0.4,0.3,20,"6.3
2",12.6,"Contains Gluten, Milk and
Soy.",,,,,"Enjoy a medley of farm-fresh vegetables, lightly seasoned and perfectly crisped for an irresistible crunch. The Classic Veg Crisper celebrates timeless flavors with every bite—a healthy, savory delight that elevates your dining experience.",126
45,Spicy Veg Crisper,147,1,367.5,59,9.2,"18.
9","28.
1","0.0
3","1.5
0",7.2,4.6,7,"31.
9",0.5,0.3,25,"8.1
0",16.2,"Contains Gluten
and Soy.",,,,,"Dive into a bold fusion of flavors with our Spicy Veg Crisper. Fresh vegetables are lightly battered and fried to perfection, then tossed in a fiery blend of spices. Each crisp bite hits a satisfying crunch while the vibrant heat is balanced by a cool, tangy sauce. A perfect appetizer for spice enthusiasts!",453
46,"Hot & Cripsy
Chicken",,,,,,,,,,,,,,,,,,,,,,,,"Savor our Hot & Crispy Chicken—juicy, tender pieces wrapped in a spiced, golden-brown crust. Each bite delivers a satisfying crunch and a burst of bold flavor, perfect for those who crave a little heat with their crunch.",410
47,1 pc,91,1,264.7,12.9,15.9,"16.
6","24.
8","0.0
4","1.8
2",7.8,2.2,6.6,"29.
9",0.2,0.2,10.9,"0.0
0",0,"Contains Gluten. May Contain traces of Nuts, Sesame, soy, Mustard, celery, Milk
Products and egg.","This package of chicken Contains MSG. Not
suitable for infants below 12 months and Pregnant Women.",,,,"Enjoy a perfectly seasoned, crispy-fried 1 Pc. of tender chicken. Each piece is expertly seasoned and slow-cooked to a golden crisp, delivering a satisfying crunch and juicy flavor in every bite. Ideal for those craving a classic treat with a savory twist.",256
48,2 pc,182,1,529.4,25.8,31.9,"33.
2","49.
5","0.0
7","3.6
4","15.
6",4.4,13.1,"59.
7",0.4,0.2,21.8,"0.0
0",0,"Contains Gluten. May Contain traces of Nuts, Sesame, soy, Mustard, celery, Milk Products
and egg.","This package of chicken Contains MSG. Not
suitable for infants below 12 months and Pregnant Women.",,,,"Savor two succulent, golden-fried chicken pieces—crispy on the outside and juicy on the inside. Expertly seasoned and hand-breaded to perfection, this classic duo is served with your choice of dipping sauce for an irresistible, flavor-packed meal.",120
49,4 pc,364,2,529.4,25.8,31.9,"33.
2","49.
5","0.0
7","3.6
4","15.
6",4.4,13.1,"59.
7",0.4,0.2,21.8,"0.0
0",0,"Contains Gluten. May Contain traces of Nuts, Sesame, soy, Mustard, celery, Milk Products
and egg.","This package of chicken Contains MSG. Not
suitable for infants below 12 months and Pregnant Women.",,,,"Enjoy our signature 4-piece chicken—tender, juicy pieces enveloped in a crispy, flavorful coating. Seasoned with a secret blend of herbs and spices, every bite delivers a perfect crunch and classic comfort. Ideal for sharing or savoring solo, this timeless favorite brings satisfying flavor to any meal.",452
50,6 Pc,546,2,794.1,38.8,47.8,"49.
8","74.
3","0.1
1","5.4
6","23.
4",6.7,19.7,"89.
6",0.7,0.2,32.8,"0.0
0",0,"Contains Gluten. May Contain traces of Nuts, Sesame, soy, Mustard, celery,
Milk","This package of chicken Contains MSG. Not
suitable for infants below 12 months and Pregnant Women.",,,,"Savor six succulent pieces of our signature chicken—crisply fried to golden perfection with a secret blend of herbs and spices. Each bite is tender, juicy, and irresistibly flavorful. Perfectly paired with your favorite dipping sauces, this crowd-pleaser is ideal for sharing or treating yourself to a hearty, satisfying meal. Enjoy!

",123
51,,,,,,,,,,,,,,,,,,,,"Products, and egg.",,,,,"Experience our freshly baked nan—a classic Indian flatbread with a pillowy center and perfectly crisp edges. Lovingly brushed with melted butter, it pairs beautifully with rich curries, enhancing every bite with a touch of authentic flavor.",269
52,8 pc Bucket,728,3,705.8,34.5,42.5,"44.
2","66.
0","0.1
0","4.8
5","20.
8",5.9,17.5,"79.
6",0.6,0.2,29.1,"0.0
0",0,"Contains Gluten. May Contain traces of Nuts, Sesame, soy, Mustard, celery, Milk Products,
and egg.","This package of chicken Contains MSG. Not
suitable for infants below 12 months and Pregnant Women.",,,,"Eight pieces of perfectly seasoned, hand-breaded chicken—fried to a crisp, golden finish. Each piece offers a satisfying crunch with a tender, juicy center, making every bite a flavor-packed delight. Ideal for sharing or a hearty meal of your own!",452
53,5 Pc Fried Leg,500,2,720,42.6,44.7,"41.
3","61.
6","0.0
8","3.7
5","18.
7",6.1,16.5,"74.
9",0.5,0.2,26.9,"0.0
0",0,"Contains Gluten. May Contain traces of Nuts, Sesame, soy, Mustard, celery, Milk Products,
and egg.","This package of chicken Contains MSG. Not
suitable for infants below 12 months and Pregnant Women.",,,,"Enjoy five succulent fried chicken legs, crisped to perfection with a secret blend of herbs and spices. Each bite delivers a satisfying crunch and juicy, tender meat. Served with your favorite dipping sauce, this dish is perfect for sharing—or indulging all on its own.",741
54,"10 Pc
Fried Leg","1000.
0",4,1440,85.1,89.3,"82.
6","12
3.3",0.2,7.5,"37.
4","12.
3",33,"14
9.8",1.1,0.4,53.8,0,0,"Contains Gluten. May Contain traces of Nuts, Sesame,
soy,","This package of chicken Contains MSG. Not
suitable for infants below 12 months",,,,"Enjoy our 10-piece fried leg platter: crispy, golden exteriors encasing tender, juicy meat. Each leg is seasoned to perfection and deep-fried for an irresistible crunch. Perfect for sharing or savoring solo, this classic comfort dish delivers a burst of flavor in every bite.",362
55,,,,,,,,,,,,,,,,,,,,"Mustard, celery, Milk Products,
and egg.",and Pregnant Women.,,,,"Warm, fluffy naan, traditionally baked in a clay tandoor, boasts a delightfully charred exterior and soft, pillowy interior. Perfect for soaking up rich curries or enjoying on its own, this classic Indian flatbread offers an authentic taste of tradition in every bite.",125
56,"Smoky Grilled
Chicken",,,,,,,,,,,,,,,,,,,,,,,,"Savor tender chicken marinated in a blend of zesty herbs and spices, then perfectly char-grilled to infuse a rich, smoky flavor. Each bite offers a delicious contrast of juicy meat and a subtle tang, creating an irresistible culinary delight.",453
57,1 pc,92,1,174.9,8,21.3,6.4,9.5,"0.0
2","0.9
2",3,1.5,1.8,8.3,0.2,0.3,12,"0.0
0",0,Contains Milk and Soy.,"This package of chicken Contains MSG. Not
suitable for infants below 12 months and Pregnant
Women.",,,,"Savor our perfectly fried 1 Pc. Chicken—a crispy, golden delight with tender, juicy meat inside. Expertly seasoned and cooked to a mouthwatering finish, it's ideal for a quick bite or a satisfying meal. Served with your choice of zesty dipping sauce, this solo piece packs a flavorful punch in every bite.",326
58,2 pc,184,1,349.7,16.1,42.6,"12.
8","19.
1","0.0
4","1.8
4",6,3.1,3.6,"16.
6",0.5,0.3,23.9,"0.0
0",0,Contains Milk and Soy.,"This package of chicken Contains MSG. Not
suitable for infants below 12 months and Pregnant
Women.",,,,"Savor two golden, crispy chicken pieces—perfectly seasoned and fried to a crunchy, juicy finish. Each bite delivers an irresistible blend of flavor and texture, making this classic favorite a satisfying treat for any appetite. Enjoy simplicity at its best with our timeless 2-Piece Chicken.",152
59,4 pc,368,1,699.4,32.1,85.3,"25.
5","38.
1","0.0
7","3.6
8","12.
1",6.2,7.3,"33.
1",1,0.3,47.8,"0.0
0",0,Contains Milk and Soy.,"This package of chicken Contains MSG. Not
suitable for infants below 12 months and Pregnant
Women.",,,,"Savor our 4-piece chicken feast—crispy golden exterior meets tender, juicy meat inside. Each piece is expertly seasoned with a blend of herbs and spices, delivering mouthwatering flavor in every bite.",452
60,5 PC,460,2,437.1,20.1,53.3,"16.
0","23.
8","0.0
5","2.3
0",7.5,3.9,4.6,"20.
7",0.6,0.3,29.9,"0.0
0",0,"Contains Milk and
Soy.","This package of chicken
Contains",,,,"Enjoy our 5 PC Crunch—a savory selection of five succulent pieces of crispy fried chicken seasoned to perfection. Each bite delivers a delightful blend of herbs and spices, resulting in a golden, crunchy exterior and juicy interior. Perfect for sharing or as a personal treat, this dish promises a satisfying crunch with every mouthwatering bite.",365
61,,,,,,,,,,,,,,,,,,,,,"MSG. Not
suitable for infants below 12 months and Pregnant
Women.",,,,"Experience our freshly baked naan: a soft, pillowy Indian flatbread, lovingly prepared in a tandoor. With lightly charred edges and a whisper of melted butter, each bite is a perfect pairing for your favorite curries and dips.",123
62,6 Pc,552,2,524.6,24.1,63.9,"19.
2","28.
6","0.0
6","2.7
6",9.1,4.6,5.5,"24.
8",0.7,0.3,35.9,"0.0
0",0,Contains Milk and Soy.,"This package of chicken Contains MSG. Not
suitable for infants below 12 months and Pregnant
Women.",,,,"Enjoy our signature 6 Pc crispy chicken—perfectly marinated and fried to golden perfection. Each bite delivers a crunchy, tender explosion of flavor, making it an irresistible favorite for sharing or a fulfilling solo treat.",365
63,8 pc Bucket,736,3,466.3,21.4,56.8,"17.
0","25.
4","0.0
5","2.4
5",8,4.1,4.9,"22.
1",0.6,0.3,31.9,"0.0
0",0,Contains Milk and Soy.,"This package of chicken Contains MSG. Not
suitable for infants below 12 months and Pregnant
Women.",,,,"Dive into our 8 pc Bucket of golden, crispy chicken! Each piece is perfectly seasoned and fried to a crunchy finish, locking in tender, juicy flavor. Ideal for sharing or a hearty solo meal, this bucket is your ticket to a satisfying feast.

",452
64,Buckets,,,,,,,,,,,,,,,,,,,,,,,,"Buckets: Dive into our family-style feast packed with golden, crispy delights. Each bucket brims with mouthwatering bites seasoned to perfection. Designed for sharing, enjoy a medley of tender, flavorful pieces paired with our signature, zesty dips. Elevate your dining experience with every satisfying, crunchy mouthful.",456
65,"Chick & Share Bucket: Xtra Large
Popcorn",340,2,578,38.2,31.8,"33.
1","49.
4","0.0
5","2.5
5","14.
5",4.1,14.5,"66.
0",1.2,0.7,59.5,"0.0
0",0,"Contains Gluten. May Contain traces of Nuts, Sesame, soy, Mustard, celery,
Milk","This package of chicken Contains MSG. Not
suitable for infants below 12 months and Pregnant Women.",,,,"Dive into our Xtra Large Chick & Share Bucket, loaded with golden, crunchy popcorn seasoned to perfection. Ideal for sharing with friends, each bite delivers a satisfying burst of flavor and crunch. Enjoy this irresistible snack—big, bold, and perfect for any movie night or casual hangout!",552
66,,,,,,,,,,,,,,,,,,,,"Products, and egg.",,,,,"Experience our delectable naan—soft, pillowy, and lightly charred to perfection. Baked fresh in a traditional tandoor, this artisanal flatbread boasts a crispy exterior and tender interior, making it the ideal companion for fragrant curries and savory dips.",332
67,"Chick & Share Bucket: 5 pc Hot &
Crispy",455,2,661.7,32.3,39.8,"41.
5","61.
9","0.0
9","4.5
5","19.
5",5.6,16.4,"74.
7",0.5,0.2,27.3,"0.0
0",0,"Contains Gluten. May Contain traces of Nuts, Sesame, soy, Mustard, celery, Milk Products,
and egg.","This package of chicken Contains MSG. Not
suitable for infants below 12 months and Pregnant Women.",,,,"Introducing our Chick & Share Bucket: 5 pieces of perfectly hot and crispy chicken. Each bite delivers a satisfying crunch with tender, juicy flavor and a hint of spice. Perfectly seasoned and freshly fried, it's an irresistible treat meant for sharing—or keeping all to yourself!",126
68,"Chick & Share Bucket: 10 pc
Strips",460,2,597.7,34.5,45.1,"31.
1","46.
4","0.0
5","2.5
0","13.
6",3.9,13.6,"61.
8",0.8,0.3,38.3,"0.0
0",0,"Contains Gluten. May Contain traces of Nuts, Sesame, soy, Mustard, celery, Milk Products,
and egg.","This package of chicken Contains MSG. Not
suitable for infants below 12 months and Pregnant Women.",,,,"Dive into crisp perfection with our Chick & Share Bucket featuring 10 tender, golden chicken strips. Each strip is expertly seasoned and fried to a satisfying crunch. Perfect for sharing—or not. Pair with your favorite dipping sauces for an extra burst of flavor!",453
69,"Dips Bucket (12 Pc +
4 Dips)",712,3,478.2,27.6,36,"24.
9","37.
1","0.0
3","1.6
7","10.
9",3.1,10.9,"49.
4",0.6,0.3,30.7,"10.
53",21.1,"Contains Gluten. May Contain traces of Nuts, Sesame,
soy,","This package of chicken Contains MSG. Not
suitable for infants below 12 months",,,,"Dive into our Dips Bucket—a shareable feast featuring 12 crispy bites paired with 4 delectable dips. Each crunchy piece bursts with flavor, perfectly complemented by our range of savory dips. Ideal for snacking, sharing, or adding a twist to your meal, this bucket is a must-try experience to elevate any occasion.",410
70,,,,,,,,,,,,,,,,,,,,"Mustard, celery, Milk Products,
and egg.",and Pregnant Women.,,,,"Enjoy our freshly baked Indian Naan. This soft, fluffy flatbread is tandoori-baked to perfection, offering a crisp exterior and tender interior. Lightly brushed with butter and infused with a hint of garlic, it’s the perfect partner for rich curries and savory gravies. Experience a timeless taste of tradition in every bite.",256
71,Mingles Bucket,327,2,634.7,46.8,31.1,"35.
9","53.
6","0.0
5","2.5
0","16.
0",4.7,15.2,"69.
1",0.9,0.5,43.9,"0.0
0",0,"Contains Gluten. May Contain traces of Nuts, Sesame, soy, Mustard, celery, Milk Products,
and egg.","This package of chicken Contains MSG. Not
suitable for infants below 12 months and Pregnant Women.",,,,"Dive into our Mingles Bucket—a vibrant mix of crispy, golden chicken pieces brushed with aromatic herbs and spices. Each bite delivers a delightful harmony of crunch and juicy flavor, crafted for sharing moments that celebrate bold taste. Enjoy this irresistibly tasty fusion that's sure to brighten your palate!",120
72,"Friendshi p Bucket DI/TA(3p
c HC+3pc HW+3pc Strips
+Med
Popcorn)",451.5,3,340.9,24.4,11.6,"21.
9","32.
7","0.0
7","3.3
3",4.9,1.4,4.5,"20.
3",0.5,0.4,27.3,"1.1
6",2.3,"Contains Gluten. May Contain traces of Nuts, Sesame, soy, Mustard, celery, Milk Products,
and egg.","This package of chicken Contains MSG. Not
suitable for infants below 12 months and Pregnant Women.",,,,"Gather your crew for our Friendship Bucket DI/TA—an irresistible shareable feast! Enjoy 3 pieces each of HC, HW, and chicken strips paired with a serving of medium popcorn. Savor every bite of these crispy, flavorful delights, perfect for sharing moments and meals with friends.",452
73,"Big Eight ( 4pc smoky+
4pc HC)",732,3,586.1,27.9,49.7,"30.
6","45.
7","0.0
7","3.6
5","14.
4",5,11.2,"50.
9",0.6,0.3,30.5,"0.0
0",0,"Contains Gluten. May Contain traces of Nuts,
Sesame,","This package of chicken Contains MSG. Not
suitable for infants below
12 months",,,,Introducing Big Eight—a delightful duo of flavor: 4 pieces of our irresistibly smoky chicken paired with 4 pieces of perfectly crispy HC. Each bite delivers a savory blend of char-grilled intensity and satisfying crunch. An ideal feast for those craving bold taste and unrivaled crunch in every mouthful. Enjoy this ultimate flavor pairing!,123
74,,,,,,,,,,,,,,,,,,,,"soy, Mustard, celery, Milk Products,
and egg.",and Pregnant Women.,,,,"Discover our freshly baked Nan—a soft, pillowy flatbread crafted in a traditional tandoor. With a light char on the outside and a tender interior, it's the perfect companion to your favorite curries and stews. Enjoy a timeless classic that adds warmth and authenticity to any meal.",269
75,"Friendshi p Bucket DL(3pc HC+3pc HW+3pc Strips + Large
Popcorn)",693.5,3,710.5,41.1,41.6,"42.
2","63.
0","0.0
7","3.6
1","19.
2",5.6,17.5,"79.
3",0.9,0.4,47.1,"0.0
0",0,"Contains Gluten. May Contain traces of Nuts, Sesame, soy, Mustard, celery, Milk Products,
and egg.","This package of chicken Contains MSG. Not
suitable for infants below 12 months and Pregnant Women.",,,,"Enjoy our Friendship Bucket DL, a feast perfect for sharing! Savor 3 pieces of Hot Chicken, 3 pieces of Warm Chicken, 3 tender chicken strips, and a large serving of popcorn—all in one bucket. Ideal for an unforgettable meal with friends!",452
76,"LTO/Pro
mos",,,,,,,,,,,,,,,,,,,,,,,,"LTO/Pro Mos – Our exclusive, limited-time offering redefines gourmet indulgence. Savor perfectly seared morsels, kissed with a hint of smoky char and drizzled with a bespoke glaze. Accented with vibrant seasonal herbs, this dish harmonizes modern technique with timeless flavors. Elevate your dining experience with every bold, tantalizing bite.",741
77,"12 for
350 (12
BS + 4
dips) on Wednesd
ays",712,3,478.2,27.6,36,"24.
9","37.
1","0.0
0","0.0
0","10.
9",3.1,10.9,"49.
4",0.6,0.3,30.7,"0.0
0",0,"Contains Gluten. May Contain traces of Nuts, Sesame, soy, Mustard, celery, Milk
Products, and egg.","This package of chicken Contains MSG. Not
suitable for infants below 12 months and Pregnant Women.",,,,"Every Wednesday, indulge in a midweek treat: 12 delicious BS pieces paired with 4 irresistible dips—all for just 350. Perfect for sharing or savoring alone, this special offers an explosion of flavor with every bite. Don’t miss your chance to elevate your Wednesday dining experience with this unbeatable deal!",362
78,"10 for
550 (10
pc HC)
on",910,3,794.1,38.8,47.8,"49.
8","74.
3","0.1
1","5.4
6","23.
4",6.7,19.7,"89.
6",0.7,0.2,32.8,"0.0
0",0,"Contains Gluten. May
Contain","This package of chicken Contains
MSG. Not",,,,"Savor our delicious 10-pc HC – crispy, perfectly seasoned pieces fried to golden perfection. Each bite delivers a satisfying crunch and robust flavor that stands out. Grab this unbeatable offer of 10 pieces for just 550 and treat yourself to a quick, tasty indulgence!",125
79,Wednesd ays,,,,,,,,,,,,,,,,,,,"traces of Nuts, Sesame, soy, Mustard, celery, Milk Products,
and egg.",suitable for infants below 12 months and Pregnant Women.,,,,"Wednesd ays: Experience midweek magic on your plate—a delectable fusion of succulent slow-roasted chicken, seasonal vegetables, and a zesty glaze. This dish brings a perfect touch of spice and warmth to transform your Wednesday into a celebration of fresh, comforting flavors.",453
80,"Triple Treat
(4 HC + 4
Smoky + 6
Boneless
Strips)",1008,3,825.1,41.7,67.7,"43.
1","64.
3","0.0
7","3.6
5","19.
8",6.6,16.6,"75.
6",0.9,0.3,45.8,"0.0
0",0,"Contains Gluten. May Contain traces of Nuts, Sesame, soy, Mustard, celery, Milk Products,
and egg.","This package of chicken Contains MSG. Not
suitable for infants below 12 months and Pregnant Women.",,,,"Introducing Triple Treat: a savory trio featuring 4 HC, 4 Smoky, and 6 boneless strips. Enjoy a delectable medley of crispy, spicy chicken perfection—each bite delivers an explosion of mouthwatering flavor. A true feast for chicken lovers!",326
81,"Super Sixes (4
HC, 6
HW, 8
Strips)",962,4,704.1,39.5,43,"41.
5","62.
0","0.0
8","4.1
5","19.
0",5.6,17,"77.
2",0.8,0.3,39.3,"0.0
0",0,"Contains Gluten. May Contain traces of Nuts, Sesame, soy, Mustard, celery, Milk Products,
and egg.","This package of chicken Contains MSG. Not
suitable for infants below 12 months and Pregnant Women.",,,,"Introducing our Super Sixes platter – a mouthwatering mix of 4 crispy hot chicken pieces, 6 succulent hot wings, and 8 tender strips. Perfect for sharing or a satisfying solo feast, every bite promises a burst of flavor.",152
82,Sides,,,,,,,,,,,,,,,,,,,,,,,,"Discover the perfect companion for your main course. Our sides include crispy fries, roasted vegetables, tangy coleslaw, and more—each crafted with fresh, locally sourced ingredients. Enjoy the added burst of flavor that completes any meal with style and taste.",452
83,Krushers,,,,,,,,,,,,,,,,,,,,,,,,"Krushers: Experience icy perfection with a burst of bold, natural fruit flavors and a refreshing twist of tang. Handcrafted for peak coolness, each sip delivers an invigorating crunch that awakens your taste buds. Perfect for a sunny day treat, our Krushers bring a splash of fun and flavor to every moment.",365
84,"7up Krush
Lime",210,1,81.9,4.1,20.4,0,0,"0.0
0","0.0
0",0,0,0,0,0.1,0,5,"34.
10",68.2,,,,,,"Dive into refreshment with 7up Krush Lime—a sparkling blend of crisp 7up and zesty lime for an irresistibly vibrant twist. This icy, invigorating beverage delivers a lively burst of citrus that dances on your palate, making it the ultimate thirst-quencher for any occasion.",123
85,"Sparkling Vanilla
Blue)",310,1,120.9,6,30.1,0,0,"0.0
0","0.0
0",0,0,0,0,0,0,0,"34.
00",68,,,,,,"Sparkling Vanilla Blue – An effervescent blend where smooth, creamy vanilla meets a burst of vibrant blue allure. This enchanting drink fizzes with subtle delight, offering an elegant twist to your refreshment experience.",365
86,"(Virgin
Mojito/",310,1,120.4,6,30.1,0,0,"0.0
0","0.0
0",0,0,0,0,0,0,0,"22.
32",44.6,,,,,,"Refresh your senses with our Virgin Mojito—a vibrant mix of muddled mint, zesty lime, and sparkling soda. This alcohol-free favorite offers a cool, invigorating twist perfect for sunny afternoons or any time you need a crisp burst of citrus delight.",452
87,Fries,,,,,,,,,,,,,,,,,,,,,,,,"Crispy and golden, our hand-cut fries deliver the perfect crunch with every bite. Seasoned just right, they’re a timeless favorite—ideal for sharing or enjoying as a satisfying snack on their own.",456
88,Regular Fries,75,1,224.1,27.5,5,"10.
4","15.
5","0.0
2","0.7
5",4.4,1.1,4.9,"22.
1",0.2,0.3,9.5,"0.0
0",0,"May Contain traces of Wheat and Milk based
products",,,,,"Crispy, golden fries made from freshly cut potatoes. Lightly seasoned and fried to perfection, these classic fries are the ideal side dish for any meal. Enjoy the satisfying crunch and timeless flavor in every bite.",552
89,Medium Fries,100,1,298.8,36.7,6.7,"13.
9","20.
7","0.0
2","1.0
0",5.9,1.5,6.5,"29.
4",0.2,0.2,9.5,"0.0
0",0,"May Contain traces of Wheat and Milk based
products",,,,,"Crispy and golden, our Medium Fries are cut to perfection and lightly salted. Enjoy the satisfying crunch with every bite—a timeless side that pairs wonderfully with any meal.",332
90,Large Fries,135,1,403.3,49.6,9.1,"18.
8","28.
0","0.0
3","1.3
5",8,2.1,8.7,"39.
7",0.2,0.1,9.5,"0.0
0",0,"May Contain traces of Wheat and Milk based
products",,,,,"Satisfy your snack cravings with our Large Fries—crispy, golden perfection hand-cut for irresistible crunch. Seasoned to elevate every bite, these generously sized fries are the ultimate sidekick to any meal. Enjoy a classic treat that’s both hearty and delicious!",126
91,Desserts,,,,,,,,,,,,,,,,,,,,,,,,"Indulge your sweet tooth with our exquisite dessert offerings. Every creation is a tempting fusion of rich, velvety textures and delightful flavors—from sinfully decadent chocolate cakes to delicate fruit tarts and creamy cheesecakes. Finish your meal on a high note with a dessert crafted to captivate and delight.",453
92,Choco Mud Pie,93,1,240.9,37.3,2.7,8.6,"12.
9",,,,,,,0.1,0.1,3.5,"31.
11",62.2,"Contains Wheat Gluten, Dairy & Soy
Products.",,,,,"Dive into indulgence with our Choco Mud Pie—a decadent dessert featuring a crumbled cookie base, silky chocolate mousse, and a velvety ganache topping. Finished with a cloud of whipped cream, it’s the ultimate treat for every chocolate enthusiast.",326
93,"Choco Lava
Cake",60,1,343,33.5,5.8,"20.
6","30.
8",0.1,"5.0
0",,,4.3,"15.
6",0.2,0.3,7.6,"29.
5",59,"Contains Milk and
Wheat",,,,,"Experience pure indulgence with our Choco Lava Cake—a warm, moist chocolate cake that conceals a decadent, molten center. Each bite releases rich, velvety chocolate, perfectly paired with a sprinkle of powdered sugar and a scoop of vanilla ice cream for a divine, dessert delight.",152
94,Mini Dessert Bucket,85,1,249.7,34.2,3.8,"10.
7","16.
0",,,,,,,0.1,0.1,5.6,"28.
43",56.9,"Contains Wheat Gluten, Dairy & Soy
Products.",,,,,"Dive into our Mini Dessert Bucket—a playful bounty of bite-sized treats. Enjoy layered cakes, velvety mousses, and crunchy cookie crumbles, all served in a charming mini bucket for an irresistible finish to your meal.",452
95,Cola,,,,,,,,,,,,,,,,,,,,,,,,"Experience the refreshing burst of our classic Cola—a perfectly balanced blend of effervescence and sweetness. With every sip, enjoy the crisp, invigorating flavor that quenches your thirst and delights your senses. It's a timeless choice for any moment.",365
96,Pepsi Regular,330,1,141.9,36,0,0,0,"0.0
0","0.0
0",0,0,0,0,0,0,0,"35.
97",71.9,,,,CONTAINS CAFFEINE.,,"Pepsi Regular is a timeless classic that delivers a crisp, refreshing burst of cola perfection. Enjoy its iconic balance of sweetness and fizz, served ice-cold for an irresistibly satisfying sip every time.",123
97,Mirinda Regular,330,1,181.5,45.5,0,0,0,"0.0
0","0.0
0",0,0,0,0,0,0,0,"45.
54",91.1,,,,,,"Mirinda Regular bursts with vibrant orange flavor and a playful fizz that refreshes every sip. This iconic soda balances sweet tanginess with just the right amount of sparkle, making it the perfect companion for any meal or snack. Enjoy a taste of timeless fun in every chilled glass!",365
98,7 Up Regular,330,1,155.1,38.6,0,0,0,"0.0
0","0.0
0",0,0,0,0,0,0,0,"38.
61",77.2,,,,,,"7 Up Regular is a timeless, crisp lemon-lime soda with a burst of effervescent refreshment. Its light, sparkling sweetness makes it the perfect thirst quencher, whether enjoyed with a meal or on a sunny afternoon.",452
99,"Dew
Regular",330,1,161.7,40.6,0,0,0,"0.0
0","0.0
0",0,0,0,0,0,0,0,"40.
59",81.2,,,,,,"Experience the crisp, refreshing burst of our Dew Regular—a revitalizing blend of citrus notes and subtle effervescence that awakens your senses like a cool morning mist. Perfectly balanced and invigorating, it’s the ultimate refreshment to complement any meal or moment. Enjoy the pure taste of everyday refreshment.",456
100,"Dips/Sau ces and Seasonin
gs",,,,,,,,,,,,,,,,,,,,,,,,"Discover our artisanal selection of dips and seasonings. Enjoy a medley of flavorful dips—from zesty salsa to velvety hummus—paired perfectly with our signature spice blends. Ideal for sharing or savoring solo, these vibrant creations add an irresistible twist to any dish.",552
101,Dynamit e Spicy Mayo,20,1,77.4,3.4,0.2,7,"10.
4","0.0
0","0.0
0",1.6,4,1.2,5.4,0.1,0.5,5.4,"1.6
0",3.2,Contains Milk Solids,,,,,"Dynamit e Spicy Mayo ignites your palate with bold, fiery passion. Tender crispy bites are drizzled with a velvety, spicy mayo that blends heat and creaminess. Each mouthful delivers a dynamic crunch and a zesty kick, making this dish an explosive feast of flavor. Dive in and savor the daring fusion!",332
102,"Creamy Veg
Mayo",20,1,73.9,2.5,0.2,7,"10.
5","0.0
0","0.0
0",1.6,4,1.1,5.2,0.2,0.9,9,"1.2
8",2.6,"Contains Milk
Solids",,,,,"Delight in our Creamy Veg Mayo—a luscious blend of hand-chopped garden vegetables folded into smooth, rich mayo. Perfect for spreading on sandwiches, drizzling over salads, or dipping fresh veggies, this zesty condiment adds a burst of vibrant flavor to your favorite dishes. Enjoy a satisfying mix of crisp freshness and velvety creaminess in every bite!",126
103,Tandoori Masala Mayo,20,1,73.8,3.5,0.3,6.5,9.8,"0.0
0","0.0
0",1.6,4,1.2,5.5,0.2,0.9,9.4,"1.4
2",2.8,"Contains Milk Solids, Wheat
and Soy",,,,,"Experience the fusion of tradition and tang with our Tandoori Masala Mayo. Creamy, smoky mayo meets bold tandoori spices, creating a versatile condiment perfect for sandwiches, wraps, or as a zesty dip. Elevate every bite with this irresistible, spicy twist.",453
104,"Zesty thousand Island
Dip",20,1,72.3,3.6,0.3,6.3,9.4,"0.0
0","0.0
0",1.6,4,1.2,5.5,0.2,0.8,8.4,"2.5
0",5,Contains Milk Solids,,,,,"Dive into bold flavor with our Zesty Thousand Island Dip. Creamy and tangy with a lively kick, it's blended with fresh herbs and just the right amount of spice. Perfect for crisp veggies, savory chips, or grilled delights, every bite is a burst of zest and smooth indulgence.",410
105,"Nashvilll
e Dip",20,1,30.2,7.1,0.1,0.2,0.3,"0.0
0","0.0
0",1.6,4,1,4.5,0.2,1,10,"1.4
0",2.8,"Contains
Milk",,,,,"Experience a Southern sensation with our Nashville Dip. Tender shredded chicken doused in smoky hot sauce, layered with creamy, tangy cheeses, and baked until perfectly melty. Each bite delivers a fiery kick balanced by smooth indulgence. Served hot with crispy crackers or toasted bread, it’s an irresistible, bold starter that captures the heart of Nashville's flavor.",256
106,"Nashville Sauce
Bottle - 225 g",225,11,13.7,7.1,0.1,0.2,0.3,0,0,1.6,4,1,4.5,0.2,1,10,"1.4
0",2.8,Contains Milk,,,,,"Ignite your taste buds with our bold Nashville Sauce—a fiery fusion of tangy spices and smoky heat. Perfect for marinating, grilling, or drizzling over your favorite dishes, this 225g bottle delivers an authentic kick that transforms meals into unforgettable culinary adventures.",120
107,"Dynamit e Spicy Mayo bottle -
200 g",200,10,77.4,3.4,0.2,7,"10.
4",0,0,1.6,4,1.2,5.4,0.1,0.5,5.4,"1.6
0",3.2,Contains Milk,,,,,"Experience a flavor explosion with Dynamit e Spicy Mayo—an irresistible blend of fiery spices and creamy smoothness. Housed in a 200g bottle, this condiment is perfect for drizzling over sushi, burgers, and salads. Add a spark to your culinary creations with every luscious bite!",452
108,"Spicy Mix Seasonin
g",2,1,5.5,1,0.1,0.1,0.1,0,"0.0
0",,,0,0.1,0.3,13.2,13.2,"0.3
7",0.7,"May Contain traces of Nuts, Sesame, soy, Mustard, celery, Milk Products,
and egg.",,,,,"Ignite your palate with our Spicy Mix Seasoning—a bold blend of fiery chili, fragrant herbs, and smoky paprika. Perfect for elevating meats, veggies, or any dish, this seasoning delivers a balanced burst of heat and depth to every bite. Add a spirited twist to your culinary creations!",123
109,Retail Products,,,,,,,,,,,,,,,,,,,,,,,,"Discover a curated collection of retail products that blend everyday essentials with modern flair. From stylish accessories to innovative gadgets and home comforts, each item is selected for quality and value. Elevate your space and lifestyle with offerings designed to meet your daily needs and inspire extraordinary moments.",269
110,Pepsi,300,1.5,86,21.8,0,0,0,0,0,0,0,0,0,0,0,0,"21.
8",43.6,,,,"CONTAINS CAFFEINE.
(145 mg
per Serve)",,"Pepsi – a refreshing, effervescent cola boasting a bold balance of sweetness and fizz. Every sip offers a crisp, invigorating burst of flavor, perfect for quenching your thirst and complementing any meal or mood. Enjoy this classic delight chilled for maximum refreshment!",452
111,7Up,300,1.5,92,23.4,0,0,0,0,0,0,0,0,0,0,0,0,"23.
4",46.8,,,,,,"Experience the zesty crispness of 7Up—a refreshing blend of lemon-lime perfection. Each effervescent sip delivers a delightful burst of citrus, quenching your thirst and revitalizing your palate. Ideal for any meal, this sparkling classic brings a cool, tangy twist to your dining experience. Enjoy the unmistakable, invigorating flavor of 7Up!",741
112,Mirinda,300,1.5,110,27.6,0,0,0,0,0,0,0,0,0,0,0,0,"27.
6",55.2,,,,,,"Introducing Mirinda—a bold, citrus-infused soda bursting with lively, tangy flavors. Every sip delivers an effervescent, refreshing burst that enlivens your palate and adds a playful spark to any moment.",362
113,Pepsi Pet,500,2,143.3,36.3,0,0,0,0,0,0,0,0,0,0,0,0,"36.
3",72.7,,,,,,"Pepsi Pet is a playful twist on the classic cola experience. With a crisp, refreshing sip, this bubbly beverage delivers a fun burst of delightful energy that dances on your palate. Perfect for breaking the ordinary with a spark of personality, Pepsi Pet is your go-to drink for a moment of unexpected joy.",125
114,Pepsi Black,300,1.5,0,0,0,0,0,0,0,0,0,0,0,0,0,0,0,0,,,,"CONTAINS CAFFEINE.
(145 mg per Serve) CONTAIN NON- CALORIC SWEETEN
ERS. This Carbonate d water contains an admixture of Sucralose and Acesulfam e Potassium
. Not Recomme nded for children; pregnant and lactating
mothers.",,"Experience the bold side of cola with Pepsi Black—a sugar-free refreshment boasting deep, intense flavor notes and a crisp, smooth finish. Savor every invigorating sip, perfectly crafted to complement any meal without the extra calories.",453
115,Red Bull,250,1,112.5,22,0,0,0,0,0,0,0,0,0,0,0,0,22,44,,,,"CONTAINS CAFFEINE.
(75 mg per serve) Not Recomme nded for children; pregnant
and",,"Red Bull – the iconic energy drink that revitalizes and excites. Each can packs a blend of caffeine and taurine for a smooth, invigorating lift perfect for fueling your day. With its distinct, sweet-tangy flavor, Red Bull is your go-to refresher when you need an extra burst of energy. Enjoy chilled and feel the buzz!",326
116,,,,,,,,,,,,,,,,,,,,,,,"lactating mothers, and Person sensitive to
caffeine.",,"Soft and fluffy, our freshly baked naan is a traditional tandoor treat with a lightly charred crust. Perfect for scooping up rich curries or enjoying on its own, every bite offers a delightful balance of textures and classic Indian flavors.",152
117,,,,,,,,,,,,,,,,,,,,,,,,,"Enjoy our freshly baked Nan—a soft, pillowy flatbread with a slight smoky tang from traditional tandoor baking. Perfectly paired with rich curries or vibrant dips, its tender texture and subtle flavor elevate every bite. Experience this versatile, authentic delight that perfectly complements your meal.",452
